<tree id='0'><item text='index' id='index.html'><item text='dhtmlxform dhtmlxform init' id='dhtmlxform___dhtmlxform_init.html'><item text='dhtmlxform in example' id='dhtmlxform___in_example.html'></item></item><item text='dhtmlxform xml' id='dhtmlxform___xml.html'></item><item text='dhtmlxform json' id='dhtmlxform___json.html'></item><item text='dhtmlxform html' id='dhtmlxform___html.html'></item><item text='dhtmlxform form controls' id='dhtmlxform___form_controls.html'><item text='dhtmlxform form checkbox' id='dhtmlxform___form_checkbox.html'></item><item text='dhtmlxform form input' id='dhtmlxform___form_input.html'></item><item text='dhtmlxform form file' id='dhtmlxform___form_file.html'></item><item text='dhtmlxform hidden' id='dhtmlxform___hidden.html'></item><item text='dhtmlxform form label' id='dhtmlxform___form_label.html'></item><item text='dhtmlxform form multiselect' id='dhtmlxform___form_multiselect.html'></item><item text='dhtmlxform form password' id='dhtmlxform___form_password.html'></item><item text='dhtmlxform form radio' id='dhtmlxform___form_radio.html'></item><item text='dhtmlxform form select' id='dhtmlxform___form_select.html'></item><item text='dhtmlxform form template' id='dhtmlxform___form_template.html'></item></item><item text='dhtmlxform positioning' id='dhtmlxform___positioning.html'><item text='dhtmlxform newcolumn' id='dhtmlxform___newcolumn.html'></item><item text='dhtmlxform form fieldset' id='dhtmlxform___form_fieldset.html'></item><item text='dhtmlxform form block' id='dhtmlxform___form_block.html'></item><item text='dhtmlxform positioning block example' id='dhtmlxform___positioning___block_example.html'></item><item text='dhtmlxform form settings' id='dhtmlxform___form_settings.html'></item></item><item text='dhtmlxform it valid' id='dhtmlxform___it_valid.html'></item><item text='dhtmlxform form operations' id='dhtmlxform___form_operations.html'><item text='dhtmlxform it save' id='dhtmlxform___it_save.html'><item text='dhtmlxform form button' id='dhtmlxform___form_button.html'></item></item><item text='dhtmlxform it ch' id='dhtmlxform___it_ch.html'></item><item text='dhtmlxform it txt' id='dhtmlxform___it_txt.html'></item><item text='dhtmlxform it opts' id='dhtmlxform___it_opts.html'></item><item text='dhtmlxform it val' id='dhtmlxform___it_val.html'></item><item text='dhtmlxform it tp' id='dhtmlxform___it_tp.html'></item><item text='dhtmlxform it ex' id='dhtmlxform___it_ex.html'></item></item><item text='dhtmlxform custom item' id='dhtmlxform___custom_item.html'><item text='dhtmlxform custom item example' id='dhtmlxform___custom_item_example.html'></item></item><item text='binding' id='binding.html'></item><item text='dhtmlxform events handling' id='dhtmlxform___events_handling.html'></item><item text='dhtmlxform dhtmlxform server' id='dhtmlxform___dhtmlxform_server.html'></item><item text='dhtmlxform dhtmlxform integration' id='dhtmlxform___dhtmlxform_integration.html'><item text='dhtmlxform calendar integration' id='dhtmlxform___calendar_integration.html'><item text='dhtmlxform dhxcalendar' id='dhtmlxform___dhxcalendar.html'></item><item text='dhtmlxform dhxcolorpicker' id='dhtmlxform___dhxcolorpicker.html'></item><item text='dhtmlxform dhxcombo' id='dhtmlxform___dhxcombo.html'></item><item text='dhtmlxform dhxeditor' id='dhtmlxform___dhxeditor.html'></item></item><item text='dhtmlxform layout integration' id='dhtmlxform___layout_integration.html'></item></item><item text='dhtmlxform api toc alpha form' id='dhtmlxform___api_toc_alpha_form.html'><item text='dhtmlxform api constructor' id='dhtmlxform___api_constructor.html'></item><item text='dhtmlxform api method dhtmlxform attachevent' id='dhtmlxform___api_method_dhtmlxform_attachevent.html'></item><item text='dhtmlxform api method dhtmlxform checkitem' id='dhtmlxform___api_method_dhtmlxform_checkitem.html'></item><item text='dhtmlxform api method dhtmlxform clear' id='dhtmlxform___api_method_dhtmlxform_clear.html'></item><item text='dhtmlxform api method dhtmlxform detachevent' id='dhtmlxform___api_method_dhtmlxform_detachevent.html'></item><item text='dhtmlxform api method dhtmlxform disableitem' id='dhtmlxform___api_method_dhtmlxform_disableitem.html'></item><item text='dhtmlxform api method dhtmlxform enableitem' id='dhtmlxform___api_method_dhtmlxform_enableitem.html'></item><item text='dhtmlxform api method dhtmlxform foreachitem' id='dhtmlxform___api_method_dhtmlxform_foreachitem.html'></item><item text='dhtmlxform api method dhtmlxform getcalendar' id='dhtmlxform___api_method_dhtmlxform_getcalendar.html'></item><item text='dhtmlxform api method dhtmlxform getcheckedvalue' id='dhtmlxform___api_method_dhtmlxform_getcheckedvalue.html'></item><item text='dhtmlxform api method dhtmlxform getcolorpicker' id='dhtmlxform___api_method_dhtmlxform_getcolorpicker.html'></item><item text='dhtmlxform api method dhtmlxform getcombo' id='dhtmlxform___api_method_dhtmlxform_getcombo.html'></item><item text='dhtmlxform api method dhtmlxform geteditor' id='dhtmlxform___api_method_dhtmlxform_geteditor.html'></item><item text='dhtmlxform api method dhtmlxform getform' id='dhtmlxform___api_method_dhtmlxform_getform.html'></item><item text='dhtmlxform api method dhtmlxform getformdata' id='dhtmlxform___api_method_dhtmlxform_getformdata.html'></item><item text='dhtmlxform api method dhtmlxform getinput' id='dhtmlxform___api_method_dhtmlxform_getinput.html'></item><item text='dhtmlxform api method dhtmlxform getitemlabel' id='dhtmlxform___api_method_dhtmlxform_getitemlabel.html'></item><item text='dhtmlxform api method dhtmlxform getitemslist' id='dhtmlxform___api_method_dhtmlxform_getitemslist.html'></item><item text='dhtmlxform api method dhtmlxform getitemtype' id='dhtmlxform___api_method_dhtmlxform_getitemtype.html'></item><item text='dhtmlxform api method dhtmlxform getitemvalue' id='dhtmlxform___api_method_dhtmlxform_getitemvalue.html'></item><item text='dhtmlxform api method dhtmlxform getitemwidth' id='dhtmlxform___api_method_dhtmlxform_getitemwidth.html'></item><item text='dhtmlxform api method dhtmlxform getoptions' id='dhtmlxform___api_method_dhtmlxform_getoptions.html'></item><item text='dhtmlxform api method dhtmlxform getselect' id='dhtmlxform___api_method_dhtmlxform_getselect.html'></item><item text='dhtmlxform api method dhtmlxform getuserdata' id='dhtmlxform___api_method_dhtmlxform_getuserdata.html'></item><item text='dhtmlxform api method dhtmlxform hideitem' id='dhtmlxform___api_method_dhtmlxform_hideitem.html'></item><item text='dhtmlxform api method dhtmlxform isitem' id='dhtmlxform___api_method_dhtmlxform_isitem.html'></item><item text='dhtmlxform api method dhtmlxform isitemchecked' id='dhtmlxform___api_method_dhtmlxform_isitemchecked.html'></item><item text='dhtmlxform api method dhtmlxform isitemenabled' id='dhtmlxform___api_method_dhtmlxform_isitemenabled.html'></item><item text='dhtmlxform api method dhtmlxform isitemhidden' id='dhtmlxform___api_method_dhtmlxform_isitemhidden.html'></item><item text='dhtmlxform api method dhtmlxform islocked' id='dhtmlxform___api_method_dhtmlxform_islocked.html'></item><item text='dhtmlxform api method dhtmlxform isreadonly' id='dhtmlxform___api_method_dhtmlxform_isreadonly.html'></item><item text='dhtmlxform api method dhtmlxform load' id='dhtmlxform___api_method_dhtmlxform_load.html'></item><item text='dhtmlxform api method dhtmlxform loadstruct' id='dhtmlxform___api_method_dhtmlxform_loadstruct.html'></item><item text='dhtmlxform api method dhtmlxform loadstructstring' id='dhtmlxform___api_method_dhtmlxform_loadstructstring.html'></item><item text='dhtmlxform api method dhtmlxform lock' id='dhtmlxform___api_method_dhtmlxform_lock.html'></item><item text='dhtmlxform api method dhtmlxform removeitem' id='dhtmlxform___api_method_dhtmlxform_removeitem.html'></item><item text='dhtmlxform api method dhtmlxform reset' id='dhtmlxform___api_method_dhtmlxform_reset.html'></item><item text='dhtmlxform api method dhtmlxform resetvalidatecss' id='dhtmlxform___api_method_dhtmlxform_resetvalidatecss.html'></item><item text='dhtmlxform api method dhtmlxform save' id='dhtmlxform___api_method_dhtmlxform_save.html'></item><item text='dhtmlxform api method dhtmlxform send' id='dhtmlxform___api_method_dhtmlxform_send.html'></item><item text='dhtmlxform api method dhtmlxform setfontsize' id='dhtmlxform___api_method_dhtmlxform_setfontsize.html'></item><item text='dhtmlxform api method dhtmlxform setformdata' id='dhtmlxform___api_method_dhtmlxform_setformdata.html'></item><item text='dhtmlxform api method dhtmlxform setitemfocus' id='dhtmlxform___api_method_dhtmlxform_setitemfocus.html'></item><item text='dhtmlxform api method dhtmlxform setitemheight' id='dhtmlxform___api_method_dhtmlxform_setitemheight.html'></item><item text='dhtmlxform api method dhtmlxform setitemlabel' id='dhtmlxform___api_method_dhtmlxform_setitemlabel.html'></item><item text='dhtmlxform api method dhtmlxform setitemvalue' id='dhtmlxform___api_method_dhtmlxform_setitemvalue.html'></item><item text='dhtmlxform api method dhtmlxform setitemwidth' id='dhtmlxform___api_method_dhtmlxform_setitemwidth.html'></item><item text='dhtmlxform api method dhtmlxform setreadonly' id='dhtmlxform___api_method_dhtmlxform_setreadonly.html'></item><item text='dhtmlxform api method dhtmlxform setskin' id='dhtmlxform___api_method_dhtmlxform_setskin.html'></item><item text='dhtmlxform api method dhtmlxform setuserdata' id='dhtmlxform___api_method_dhtmlxform_setuserdata.html'></item><item text='dhtmlxform api method dhtmlxform showitem' id='dhtmlxform___api_method_dhtmlxform_showitem.html'></item><item text='dhtmlxform api method dhtmlxform validate' id='dhtmlxform___api_method_dhtmlxform_validate.html'></item><item text='dhtmlxform api method dhtmlxform uncheckitem' id='dhtmlxform___api_method_dhtmlxform_uncheckitem.html'></item><item text='dhtmlxform api method dhtmlxform destructor' id='dhtmlxform___api_method_dhtmlxform_destructor.html'></item><item text='dhtmlxform api method unlock' id='dhtmlxform___api_method_unlock.html'></item></item><item text='dhtmlxform api events form' id='dhtmlxform___api_events_form.html'><item text='dhtmlxform event onxls' id='dhtmlxform___event_onxls.html'></item><item text='dhtmlxform event onxle' id='dhtmlxform___event_onxle.html'></item><item text='dhtmlxform event onchange' id='dhtmlxform___event_onchange.html'></item><item text='dhtmlxform event onbeforechange' id='dhtmlxform___event_onbeforechange.html'></item><item text='dhtmlxform event onbuttonclick' id='dhtmlxform___event_onbuttonclick.html'></item><item text='dhtmlxform event onbeforedataload' id='dhtmlxform___event_onbeforedataload.html'></item><item text='dhtmlxform event onbeforesave' id='dhtmlxform___event_onbeforesave.html'></item><item text='dhtmlxform event onaftersave' id='dhtmlxform___event_onaftersave.html'></item><item text='dhtmlxform event onbeforereset' id='dhtmlxform___event_onbeforereset.html'></item><item text='dhtmlxform event onafterreset' id='dhtmlxform___event_onafterreset.html'></item><item text='dhtmlxform event onbeforevalidate' id='dhtmlxform___event_onbeforevalidate.html'></item><item text='dhtmlxform event onvalidateerror' id='dhtmlxform___event_onvalidateerror.html'></item><item text='dhtmlxform event onvalidatesuccess' id='dhtmlxform___event_onvalidatesuccess.html'></item><item text='dhtmlxform event onaftervalidate' id='dhtmlxform___event_onaftervalidate.html'></item></item><item text='dhtmlxform link form' id='dhtmlxform___link_form.html'></item></item></tree>